meeting_id,date,committee,agenda_item,contribution_id,contribution_order,speaker,spoken_in,chunk,word_count,text
16183,2026-06-30,Finance Committee,"1. Introduction, apologies, substitutions and declarations of interest",765164,3,Sam Rowlands,En,0,104,"Bore da. Good morning, everybody. Welcome to the first meeting of the Finance Committee of the seventh Senedd, which is going to be an interesting four years ahead, I expect. Just to note that the public items of the meeting will be broadcast live on Senedd.tv and the Record of Proceedings will be published as usual. Also, note that the meeting is fully bilingual and simultaneous interpretation is available to anybody who would like that. The first item on our agenda is introduction, apologies, substitutions and declarations of interest. We have no apologies. Are there any declarations of interest from anybody? No. Thank you."
16183,2026-06-30,Finance Committee,2. Finance Committee remit,765167,4,Sam Rowlands,En,0,32,The second item is for the committee to note the Finance Committee remit—that's on pages 1 to 2 in our pack. Is everybody happy to note our remit? Thank you very much.
16183,2026-06-30,Finance Committee,3. First Supplementary Budget 2026-27: Evidence session,765169,5,Sam Rowlands,En,0,55,"The third item is our substantive item this morning. It's our evidence session on the first supplementary budget for 2026-27. I'm really pleased to be able to welcome Elin Jones, the Cabinet Minister for Finance from the Welsh Government, who is with us here this morning. Elin, would you mind introducing your officials for us?"
16183,2026-06-30,Finance Committee,3. First Supplementary Budget 2026-27: Evidence session,765170,6,Elin Jones,Cy,0,26,"Thank you very much for the invitation to join you this morning, Chair. I have two officials with me this morning: Andrew Jeffreys and Sharon Bounds."
16183,2026-06-30,Finance Committee,3. First Supplementary Budget 2026-27: Evidence session,765171,7,Sam Rowlands,En,0,125,"Diolch yn fawr iawn. Thank you for joining us this morning. We have a number of questions to run through, Cabinet Minister, and we only have an hour with you, so if I do cut across at any point, I'm not being rude, I do apologise, we just have quite a bit to get through this morning. I'll just kick things off. Thank you for your statements in the Chamber over the last week or so. There is a significant unallocated level of funding of £246.5 million, and you've described that as being to handle in-year pressures. I wonder what specific pressures you're expecting to have to handle and whether you think that £246.5 million is, perhaps, over-egging the situation, or if that's about right."
16183,2026-06-30,Finance Committee,3. First Supplementary Budget 2026-27: Evidence session,765180,8,Elin Jones,Cy,0,150,"Thank you for the question and the invitation to join you this morning to look in detail at the supplementary budget. Yes, the budget does allocate £433 million of additional allocations and £294 million of those relate to the priorities of the new Government. But as you've mentioned, £246.5 million of resource is unallocated, and that is mainly to allow us to manage the budget within the financial year, specifically with an eye on financial pressures within some of the budget lines. When I came into post as the new Cabinet Minister for Finance, one of the first meetings that I had was one that outlined the financial pressures that exist within this financial year in some areas. The most significant one by a long way is the NHS and health. We have already reported that there is more than £300 million of pressures within that budget, in the NHS,"
16183,2026-06-30,Finance Committee,3. First Supplementary Budget 2026-27: Evidence session,765180,8,Elin Jones,Cy,1,150,"significant one by a long way is the NHS and health. We have already reported that there is more than £300 million of pressures within that budget, in the NHS, at present. We're working with the NHS, with the health boards, and between myself and the Minister for health, to see how we can manage that budget and reduce that pressure as the year proceeds. But it is prudent therefore for us to retain an amount of £246.5 million unallocated. There are other budgets where I would say the funding allocated to them isn't adequate within this financial year. One of those is for childcare, where there was £25 million-worth of pressure that was unfunded in that budget, £17.5 million of that because of the additional demand on the budget as it stood, the scheme as it stood under the last Government, as well as changes that cost £7.5 million"
16183,2026-06-30,Finance Committee,3. First Supplementary Budget 2026-27: Evidence session,765180,8,Elin Jones,Cy,2,73,"of that because of the additional demand on the budget as it stood, the scheme as it stood under the last Government, as well as changes that cost £7.5 million in terms of the hourly rate that was announced for that sector. So, there is more than £300 million-worth of pressure within the financial year, and that's how we determine that we need to retain that £246.5 million to manage within the year."
16183,2026-06-30,Finance Committee,3. First Supplementary Budget 2026-27: Evidence session,765173,10,Sam Rowlands,En,0,78,"Thank you for that response, Cabinet Minister. You've clearly identified there are pressures in the year and those are mounting up and will need addressing. You've identified a number of those pressures already, so why haven't you allocated that money already? Of course, those departments or programmes will need time within the year to be able to deliver those things that are mounting up. You've identified where the issues are, why haven't you just allocated that money already?"
16183,2026-06-30,Finance Committee,3. First Supplementary Budget 2026-27: Evidence session,765177,11,Elin Jones,En,0,150,"With the childcare offer, I noted that there was £25 million pressure already existing in the system when the new Government came into post, and that, of course, has been provided for in the £45 million resource that we've now allocated within the financial year for that supplementary budget. That £45 million resource for childcare is £25 million that we've inherited as a pressure from the previous Government with its previous allocation and the childcare offer that was in place, and £20 million additional in this financial year to start to uplift that offer in line with Plaid Cymru's priority. So, that pressure has been dealt with, if I call it that, in this financial year. The allocation towards the NHS pressure has not yet been made. We think that there are ways that we need to work, me with the health Minister and then wider with the health boards,"
16183,2026-06-30,Finance Committee,3. First Supplementary Budget 2026-27: Evidence session,765177,11,Elin Jones,En,1,92,"NHS pressure has not yet been made. We think that there are ways that we need to work, me with the health Minister and then wider with the health boards, to see how we can reduce that pressure within the year. That work is ongoing. But, of course, we have used resource allocation for the NHS waiting lists in particular, to ensure that the NHS is able to focus on reducing the waiting lists, with the £100 million resource additional that's allocated this year towards the NHS already in this supplementary budget."
16183,2026-06-30,Finance Committee,3. First Supplementary Budget 2026-27: Evidence session,765183,12,Sam Rowlands,En,0,60,"I guess what you're saying is that when you talk about pressures in year, the most significant of those pressures are within the health service, work is under way to try and manage that, so it's not the current £300 million that's been reported, that should be managed down, and then there may be allocations towards that in the future."
16183,2026-06-30,Finance Committee,3. First Supplementary Budget 2026-27: Evidence session,765179,14,Elin Jones,En,0,61,"Yes. We hope that we will be able to work with the NHS to see how that pressure can be reduced over the year, but we do need to ensure that we keep moneys to manage the in-year flux. Perhaps Andrew might give a flavour of how this has been done in previous years, which I haven't had the insight into."
16183,2026-06-30,Finance Committee,3. First Supplementary Budget 2026-27: Evidence session,765181,15,Andrew Jeffreys,En,0,99,"There's not much to add, really. We wouldn't normally allocate all of the available resources at this stage of the financial year. A lot is going to happen between now and the end of March. There are definitely areas—not just in the health service but in other areas of the Welsh Government's budget—where there are pressures and where we would hope those pressures to be managed down. It's relatively early to be making forecasts for the full year still. It's a normal part of the process to hold a bit of resource back for management later in the year."
16183,2026-06-30,Finance Committee,3. First Supplementary Budget 2026-27: Evidence session,765185,16,Sam Rowlands,En,0,80,"Thank you. Cabinet Minister, you described that as a prudent approach, being cautious to a certain extent to make sure there is money to deal with those in-year pressures. On the capital side, it's a very different story, isn't it? There's just £29,000 left to deal with in-year pressures on capital. Are you therefore not being prudent when it comes to capital? What sort of risks will you have to manage with such a small amount of capital left behind?"
16183,2026-06-30,Finance Committee,3. First Supplementary Budget 2026-27: Evidence session,765187,17,Elin Jones,En,0,150,"The capital budget and resource budget are managed totally differently. The way to allocate capital most efficiently is to do so early, in order to enable those public authorities and others who will use that capital to get on with spending it and supporting the economy and improving public services by doing that. Yes, we are close to committing the entirety of the capital budget in terms of the allocation within this financial year, but then we have the Wales reserve, if we need to, if there were issues that needed to be dealt with additionally within the financial year. That Wales reserve at the moment is estimated to be around £50 million of capital that we would have access to. We haven't had the final 2025-26 accounts, so that £50 million is an estimate at this point, but will be confirmed in the near future. The management of a"
16183,2026-06-30,Finance Committee,3. First Supplementary Budget 2026-27: Evidence session,765187,17,Elin Jones,En,1,150,"to. We haven't had the final 2025-26 accounts, so that £50 million is an estimate at this point, but will be confirmed in the near future. The management of a capital budget is different in-year to how we would need to keep a resource unallocated to meet in-year pressures, but also any unexpected event that could happen—the first call of something that is unexpected to us all is on a resource budget, not on a capital budget. And also—Andrew, you can comment on this, because this is slightly historic—the way that capital budgets have been planned in the past is that they are usually allocated close to the maximum, because as the year progresses, there is underspend, there is some delay in capital projects, and therefore that management is able to happen within the year, and sometimes maybe capital budgets can be overallocated in order to land as close to"
16183,2026-06-30,Finance Committee,3. First Supplementary Budget 2026-27: Evidence session,765187,17,Elin Jones,En,2,42,"delay in capital projects, and therefore that management is able to happen within the year, and sometimes maybe capital budgets can be overallocated in order to land as close to where we want to in terms of capital spend during a year."
16183,2026-06-30,Finance Committee,3. First Supplementary Budget 2026-27: Evidence session,765203,18,Sam Rowlands,En,0,39,"Could Andrew perhaps respond in just a moment? I know Sera had some questions on the reserve as well, and perhaps it might be wrapped up in some of those questions. Sera, do you want to bring your questions?"
